{"urbanareas-urbanareas": 0, "urbanareas-openareas": 618.0631622437409, "urbanareas-waters": 503.6282961606221, "urbanareas-woods": 943.1167555051885, "openareas-urbanareas": 618.0631622437409, "openareas-openareas": 768.7278728331447, "openareas-waters": 580.675589875629, "openareas-woods": 910.1365135789081, "waters-urbanareas": 503.6282961606221, "waters-openareas": 580.6755898756289, "waters-waters": 24.81156904168576, "waters-woods": 733.0642905380754, "woods-urbanareas": 943.1167555051885, "woods-openareas": 910.136513578908, "woods-waters": 733.0642905380754, "woods-woods": 904.6916904324855}